{"tissue_hires_scalef": 0.22789426, "tissue_lowres_scalef": 0.06836828, "fiducial_diameter_fullres": 104.36797739784221, "spot_diameter_fullres": 64.60874791294994}